Post URL,Price,Location,Post Title
https://www.aptdeco.com/product/vintage-indian-brass-pedestal-bowl,$109,"Brooklyn, NY, 11232",Vintage Indian Brass Pedestal Bowl
https://www.aptdeco.com/product/vintage-japanese-rose-bud-vase,$64,"Brooklyn, NY, 11232",Vintage Japanese Rose Bud Vase
https://www.aptdeco.com/product/american-of-martinsville-midcentury-side-table,$497,"Amenia, NY, 12501",American of Martinsville Midcentury Side Table
https://www.aptdeco.com/product/pablo-designs-2-link-table-lamps-orange,$441,"Manhasset, NY, 11030",Pablo Designs 2 Link Table Lamps Orange
https://www.aptdeco.com/product/west-elm-charley-c-side-table-28,$164,"New York, NY, 10001",West Elm Charley C Side Table
https://www.aptdeco.com/product/mid-century-ornate-hanging-shelf,$316,"Brooklyn, NY, 11232",Mid Century Ornate Hanging Shelf
https://www.aptdeco.com/product/victorian-paper-mache-hanging-tray,$109,"Brooklyn, NY, 11232",Victorian Paper Mache Hanging Tray
https://www.aptdeco.com/product/article-crescent-floor-lamp-2,$276,"New York, NY, 10001",Article Crescent Floor Lamp
https://www.aptdeco.com/product/henredon-60-loveseat,"$1,083","Roxbury, CT, 06783","Henredon 60"" Loveseat"
https://www.aptdeco.com/product/vintage-19th-century-wildflower-print,$109,"Brooklyn, NY, 11232",Vintage 19th Century Wildflower Print
https://www.aptdeco.com/product/midcentury-modern-guitar-pick-table-or-stool,$252,"Amenia, NY, 12501",Midcentury Modern Guitar Pick Table or Stool
https://www.aptdeco.com/product/pottery-barn-fairfax-4-drawer-wide-dresser-2,$602,"New York, NY, 10026",Pottery Barn Fairfax 4 -Drawer Wide Dresser
https://www.aptdeco.com/product/west-elm-carlo-sofa-dusty-teal-velvet,"$1,260","new york, NY, 10003",West Elm Carlo Sofa Dusty Teal Velvet
https://www.aptdeco.com/product/la-barge-oval-coffee-table,"$1,083","Roxbury, CT, 06783",La Barge Oval Coffee Table
https://www.aptdeco.com/product/ikea-malm-bed-17,$372,"New York, NY, 10016",IKEA Malm Bed
https://www.aptdeco.com/product/bobs-discount-queen-tremont-bed-headboard-and-slats-only,$316,"Roosevelt, NY, 11575",Bob's Discount Queen Tremont Bed (Headboard and Slats only)
https://www.aptdeco.com/product/poppin-office-drawer-file-cabinet,$278,"Jersey City, NJ, 07304",Poppin Office Drawer File Cabinet
https://www.aptdeco.com/product/henredon-pair-of-wingback-chairs,"$1,205","Roxbury, CT, 06783",Henredon Pair of Wingback Chairs
https://www.aptdeco.com/product/white-x-white-gray-mid-century-sofa,"$1,046","Jersey City, NJ, 07307",White X White Gray Mid Century Sofa
https://www.aptdeco.com/product/raymour-flanigan-entertainment-center-13,$217,"Woodside, NY, 11377",Raymour & Flanigan Entertainment Center
https://www.aptdeco.com/product/glory-deltona-blue-velvet-chair,$498,"Brooklyn, NY, 11235",Glory Deltona Blue Velvet Chair
https://www.aptdeco.com/product/raymour-flanigan-carrington-chair-and-a-half-ottoman,"$1,426","Sewell, NJ, 08080",Raymour & Flanigan Carrington Chair and a Half + Ottoman
https://www.aptdeco.com/product/banksy-replica-girl-with-red-balloon,$48,"Astoria, NY, 11103",Banksy Replica Girl with Red Balloon
https://www.aptdeco.com/product/knoll-tobia-scarpa-vintage-sofas,"$5,894","Sag Harbor, NY, 11963",Knoll Tobia Scarpa Vintage Sofas
https://www.aptdeco.com/product/12-ft-shuffleboard-dining-table,"$2,425","Mount Kisco, NY, 10549",12 ft Shuffleboard Dining Table
https://www.aptdeco.com/product/raymour-flanigan-2-seater-sofa-12,$538,"Brooklyn, NY, 11203",Raymour & Flanigan 2 Seater Sofa
https://www.aptdeco.com/product/anthropologie-haverhill-accent-chair,$305,"New York, NY, 10021",Anthropologie Haverhill Accent Chair
https://www.aptdeco.com/product/nourison-large-area-rug,$433,"Brooklyn, NY, 11238",Nourison Large Area Rug
https://www.aptdeco.com/product/vintage-footstool-2,$56,"Brooklyn, NY, 11238",Vintage Footstool
https://www.aptdeco.com/product/yorkie-oil-painting,$176,"Brooklyn, NY, 11232",Yorkie Oil Painting
https://www.aptdeco.com/product/natural-oak-credenza-media-stand,"$1,110","New York, NY, 10013",Natural Oak Credenza / Media Stand
https://www.aptdeco.com/product/room-board-solid-cherry-two-door-office-armoire,"$1,310","Manhasset, NY, 11030",Room & Board Solid Cherry Two-Door Office Armoire
https://www.aptdeco.com/product/herman-miller-set-of-2-eames-molded-plastic-chairs,$730,"Bronx, NY, 10456",Herman Miller Set of 2 Eames Molded Plastic Chairs
https://www.aptdeco.com/product/feather-modern-bed-frame-queen-dark-walnut,$315,"Trenton, NJ, 08690",Feather Modern Bed Frame Queen Dark Walnut
https://www.aptdeco.com/product/pottery-barn-white-4-shelf-bookcase,$150,"New York, NY, 10029",Pottery Barn White 4 Shelf Bookcase
https://www.aptdeco.com/product/80s-bird-of-paradise-art-mirror,$548,"Brooklyn, NY, 11232",80s Bird of Paradise Art Mirror
https://www.aptdeco.com/product/feather-laramie-modern-nightstand-side-table,$165,"Trenton, NJ, 08690",Feather Laramie Modern Nightstand / Side table
https://www.aptdeco.com/product/restoration-hardware-1940s-vintage-toledo-leather-bar-chair-2,$276,"North Wales, PA, 19454",Restoration Hardware 1940's Vintage Toledo Leather Bar Chair
https://www.aptdeco.com/product/dining-table-152,$871,"Bay Shore, NY, 11706",Dining Table
https://www.aptdeco.com/product/vintage-slate-coffee-table,$604,"Bay Shore, NY, 11706",Vintage Slate Coffee Table
https://www.aptdeco.com/product/z-gallerie-samantha-carlisle-white-stallion,$289,"Great Neck, NY, 11023",Z Gallerie Samantha Carlisle White Stallion
https://www.aptdeco.com/product/modern-sofa-in-ivory-velvet,"$2,980","Brooklyn, NY, 11201",Modern Sofa in Ivory Velvet
https://www.aptdeco.com/product/1930s-french-painted-coffee-table-with-marble-top,"$2,141","New York, NY, 10012",1930s French Painted Coffee Table With Marble Top
https://www.aptdeco.com/product/midcentury-pole-lamp-with-pivoting-shades,$271,"Amenia, NY, 12501",Midcentury Pole Lamp with Pivoting Shades
https://www.aptdeco.com/product/ornate-carved-wood-mirror-in-painted-pink-and-gold,$317,"New York, NY, 10012",Ornate Carved Wood Mirror in Painted Pink and Gold
https://www.aptdeco.com/product/raymour-flanigan-modular-4-piece-cloud-like-sofasectional,"$3,180","Brooklyn, NY, 11206",Raymour & Flanigan Modular 4 Piece Cloud-Like Sofa/Sectional
https://www.aptdeco.com/product/pair-of-quadrille-moroc-basketweave-linen-pillows,$353,"New York, NY, 10012",Pair of Quadrille Moroc Basketweave Linen Pillows
https://www.aptdeco.com/product/camerich-neutral-sofa,"$2,037","Brooklyn, NY, 11249",Camerich Neutral Sofa
https://www.aptdeco.com/product/west-elm-andes-ottoman-43,$749,"New York, NY, 10014",West Elm Andes Ottoman
https://www.aptdeco.com/product/west-elm-hudson-wood-base-lamp,$177,"New York, NY, 10019",West Elm Hudson Wood Base Lamp
https://www.aptdeco.com/product/mid-century-modern-bookcase-in-walnut-veneer-wood,$452,"Manhasset, NY, 11030",Mid Century Modern Bookcase in Walnut Veneer Wood
https://www.aptdeco.com/product/restoration-hardware-queen-bed-8,"$2,390","New York, NY, 10001",Restoration Hardware Queen Bed
https://www.aptdeco.com/product/antique-mirror-65,$742,"Jeffersonville, NY, 12748",Antique Mirror
https://www.aptdeco.com/product/fisher-price-3-in-1-crib,$648,"West New York, NJ, 07093",Fisher price 3-in-1 Crib 
https://www.aptdeco.com/product/ikea-brown-bookcase,$152,"Livingston, NJ, 07039",IKEA Brown Bookcase
https://www.aptdeco.com/product/beautiful-walnut-and-leather-armchair,$743,"New York, NY, 10023",Beautiful Walnut and Leather Armchair
https://www.aptdeco.com/product/ikea-2-seat-sofa,$433,"Livingston, NJ, 07039",IKEA 2-seat Sofa
