Category,Link,Title,Image_Link
House Plants,https://www.realsimple.com/home-organizing/gardening/indoor/plant-shelf-ideas,The Best Plant Shelf Ideas to Keep Your Plant Babies Thriving,https://www.realsimple.com/thmb/czI32_i_6UKLr2qZMDW6R_WArTU=/364x242/filters:no_upscale():max_bytes(150000):strip_icc()/best-plant-shelf-ideas-9491b92ac3384af883433baa67667ec3.jpg
Outdoor Living,https://www.realsimple.com/home-organizing/decorating/outdoor-living/small-front-porch-decorating-ideas,Create a Warm Welcome With Small Front Porch Decorating Ideas,https://www.realsimple.com/thmb/87689cG2ofLLYRpyEOTLfDQv9OI=/364x242/filters:no_upscale():max_bytes(150000):strip_icc()/porch-decorating-ideas-998cbac365b34cf189e603e756865934.jpg
Bedroom Decorating,https://www.realsimple.com/home-organizing/decorating/decorating-bedroom/best-cooling-bed-sheets,"The 10 Best Cooling Sheets of 2022, Tested and Reviewed",https://www.realsimple.com/thmb/tZx1ZonOL84XRmy538dalyZB8iU=/364x242/filters:no_upscale():max_bytes(150000):strip_icc()/best-cooling-sheets-lead-tout-2000-dd035fc87c6b484ca34346876d15b4b0.jpg
Christmas Decoration Ideas,https://www.realsimple.com/home-organizing/decorating/decorating-bedroom/best-cooling-bed-sheets,Forget Christmas Tree Skirts—Tree Collars Are a Top Holiday Trend,https://www.realsimple.com/thmb/NsJNucu8UwssCNyZ_A7yh5LsaM0=/282x188/filters:no_upscale():max_bytes(150000):strip_icc()/christmas-tree-collar-trend-204e8cb80c794ac29ab22b3ecc5ad471.jpg
Holidays,https://www.realsimple.com/home-organizing/decorating/decorating-bedroom/best-cooling-bed-sheets,Etsy Predicts These Will Be the Hottest Holiday Decor Trends of 2021,https://www.realsimple.com/thmb/ycba9S3erK9_rUCZTenvBegH93A=/282x188/filters:no_upscale():max_bytes(150000):strip_icc()/etsy-holiday-trends-2021-b7be3a62f69e4fd0aea3e0c8d284b7cb.jpg
Painting,https://www.realsimple.com/home-organizing/decorating/decorating-bedroom/best-cooling-bed-sheets,We Can Officially Say These Are the Top Paint Trends of 2021,https://www.realsimple.com/thmb/xkddktLoClr1zqBXDDdl5hkLnEI=/282x188/filters:no_upscale():max_bytes(150000):strip_icc()/2021-paint-trends-2000-0b927464bfed4fc9a8236c0fb701c752.jpg
Painting,https://www.realsimple.com/home-organizing/decorating/decorating-bedroom/best-cooling-bed-sheets,Paint Your Home Happy: Farrow & Ball's New Paint Collection Is for Those Who Hate Boring White Walls,https://www.realsimple.com/thmb/ZyAIRXDPxLcj67qfW4i1TjLACd0=/282x188/filters:no_upscale():max_bytes(150000):strip_icc()/farrow-and-ball-clay-2000-f2ba9298f6bf4f27b466c4cb60d32bba.jpg
Home,https://www.realsimple.com/home-organizing/decorating/decorating-bedroom/best-cooling-bed-sheets,Space of the Week: This Historic Home’s Dining Room Got a Modern Makeover—With a Timeless Twist,https://www.realsimple.com/thmb/lYCNeRYUqHKw5zv0LSfW1DFORAM=/282x188/filters:no_upscale():max_bytes(150000):strip_icc()/dining-room-space-of-week-08716b6c81e04ca1b3ac5cbde36e1938.jpg
Home,https://www.realsimple.com/home-organizing/decorating/decorating-bedroom/best-cooling-bed-sheets,5 Easy Ways to Make Your Home Feel Custom,https://www.realsimple.com/thmb/V9AdBPeZeIVG-3gDK3NgADuU2T0=/282x188/filters:no_upscale():max_bytes(150000):strip_icc()/make-your-home-feel-custom-etsy-realsimple-GettyImages-1217732420-e683ff9c6c4c48fe9a21e13682d01dcd.jpg
Home,https://www.realsimple.com/home-organizing/decorating/decorating-bedroom/best-cooling-bed-sheets,Space of the Week: This Bathroom Makeover Feels Bright and Airy After a Few Style Shifts,https://www.realsimple.com/thmb/LZqUkADmdSAFndJNtM9Lf8ytzYY=/282x188/filters:no_upscale():max_bytes(150000):strip_icc()/ashley-clark-bathroom-design-10e8fb4091164ff3aca900d27f4bd68e.JPG
Shopping,https://www.realsimple.com/home-organizing/decorating/decorating-bedroom/best-cooling-bed-sheets,The Pura Smart Home Fragrance Diffuser Is My Secret to a Great Smelling Home,https://www.realsimple.com/thmb/s-HiLvApLDuS9MP6yQkHpyp-qQk=/282x188/filters:no_upscale():max_bytes(150000):strip_icc()/pura-smart-home-fragrance-device-bundle-linens-and-surf-and-pacific-aqua-tout-e8c479736bce43909123854b74238e95.jpg
Shopping,https://www.realsimple.com/home-organizing/decorating/decorating-bedroom/best-cooling-bed-sheets,Every Decor Must-Have Our Home Shopping Editor Is Snagging Ahead of Amazon’s Prime Early Access Sale,https://www.realsimple.com/thmb/48pWSnQT704niaWZQgwjKF3KiaI=/282x188/filters:no_upscale():max_bytes(150000):strip_icc()/artistic-weavers-hapsburg-moroccan-shag-area-rug-tout-772f8964965842b89023038bb93d9808.jpg
Outdoor Living,https://www.realsimple.com/home-organizing/decorating/decorating-bedroom/best-cooling-bed-sheets,These Stylish Outdoor Kitchens Will Inspire You To Dine Al Fresco,https://www.realsimple.com/thmb/A1W2PhKw8FvIpGolhJf2oFnQNHQ=/282x188/filters:no_upscale():max_bytes(150000):strip_icc()/outdoorkitchentilebacksplash-54e0cf08168c4b4f9107b35a62a0c395.jpg
Decorating,https://www.realsimple.com/home-organizing/decorating/decorating-bedroom/best-cooling-bed-sheets,These Are All the Predictions for 2023 Color of the Year (So Far),https://www.realsimple.com/thmb/svArkqjxUyJDh-uEItEpjKyCAAY=/282x188/filters:no_upscale():max_bytes(150000):strip_icc()/sherwin-williams-color-of-the-year-2000-f9f30e7d0b364036a13a67d9f7a440d6.jpeg
Decorating,https://www.realsimple.com/home-organizing/decorating/decorating-bedroom/best-cooling-bed-sheets,Space of the Week: An Entryway That's Black and White and Cool All Over,https://www.realsimple.com/thmb/NCVQlRCbbJ10Tr1JfqzEOcr_w7Y=/282x188/filters:no_upscale():max_bytes(150000):strip_icc()/black-white-entryway-tout-0965a2c28e094f70a80a4d06bde5088d.png
